{
  "tile_id": "p53_r0_c1",
  "page_number": 53,
  "coherence_score": 1.0,
  "total_spans": 4,
  "multi_char_spans": 4,
  "numeric_spans": 4,
  "primary_font": "ArialNarrow",
  "is_hybrid_viable": true,
  "items": [
    {
      "text_id": 0,
      "text": "GENERAL CONCRETE NOTES SHEET 1",
      "bbox_local": [
        383.486669921875,
        169.02001953125,
        401.591650390625,
        448.685546875
      ],
      "bbox_global": [
        1161.086669921875,
        169.02001953125,
        1179.191650390625,
        448.685546875
      ],
      "font": "ArialNarrow",
      "font_size": 18.10494041442871
    },
    {
      "text_id": 1,
      "text": "GENERAL CONCRETE NOTES SHEET 2",
      "bbox_local": [
        383.486669921875,
        628.3798828125,
        401.591650390625,
        908.0455322265625
      ],
      "bbox_global": [
        1161.086669921875,
        628.3798828125,
        1179.191650390625,
        908.0455322265625
      ],
      "font": "ArialNarrow",
      "font_size": 18.10494041442871
    },
    {
      "text_id": 2,
      "text": "1020",
      "bbox_local": [
        383.6667236328125,
        491.760009765625,
        401.7717041015625,
        524.783447265625
      ],
      "bbox_global": [
        1161.2667236328125,
        491.760009765625,
        1179.3717041015625,
        524.783447265625
      ],
      "font": "ArialNarrow",
      "font_size": 18.10494041442871
    },
    {
      "text_id": 3,
      "text": "1020",
      "bbox_local": [
        383.6667236328125,
        951.2999267578125,
        401.7717041015625,
        984.3236083984375
      ],
      "bbox_global": [
        1161.2667236328125,
        951.2999267578125,
        1179.3717041015625,
        984.3236083984375
      ],
      "font": "ArialNarrow",
      "font_size": 18.10494041442871
    }
  ]
}